74.622,0.000,-88.280,0
74.632,0.000,-88.280,0
74.653,0.000,-88.280,0
74.663,0.000,-89.071,0
74.685,0.000,-89.071,0
74.705,0.000,-89.071,0
74.716,0.000,-89.071,0
74.737,0.000,-89.071,0
74.748,0.000,-89.071,0
74.769,0.000,-89.071,0
74.780,0.000,-89.604,0
74.801,0.000,-89.604,0
74.812,0.000,-89.604,0
74.833,0.000,-89.604,0
74.853,0.000,-89.604,0
74.864,0.000,-89.604,0
74.885,0.000,-89.604,0
74.895,0.000,-90.417,0
74.916,0.000,-90.417,0
74.937,0.000,-90.417,0
74.948,0.000,-90.417,0
74.969,0.000,-90.417,0
74.980,0.000,-90.417,0
75.000,0.000,-90.950,0
75.022,0.000,-90.950,0
75.032,0.000,-90.950,0
75.054,0.000,-90.950,0
75.065,0.000,-90.950,0
75.085,0.000,-90.950,0
75.096,0.000,-91.757,0
75.117,0.000,-91.757,0
75.139,0.000,-91.757,0
75.149,0.000,-91.757,0
75.170,0.000,-91.757,0
75.181,0.000,-91.757,0
75.202,0.000,-91.757,0
75.212,0.000,-92.296,0
75.233,0.000,-92.296,0
75.254,0.000,-92.296,0
75.264,0.000,-92.296,0
75.286,0.000,-92.296,0
75.296,0.000,-93.087,0
75.317,0.000,-93.087,0
75.338,0.000,-93.087,0
75.349,0.000,-93.087,0
75.370,0.000,-93.087,0
75.381,0.000,-93.087,0
75.402,0.000,-93.087,0
75.413,0.000,-93.625,0
75.434,0.000,-93.625,0
75.445,0.000,-93.625,0
75.467,0.000,-93.625,0
75.488,0.000,-93.625,0
75.498,0.000,-93.625,0
75.519,0.000,-94.427,0
75.529,0.000,-94.427,0
75.550,0.000,-94.427,0
75.571,0.000,-94.427,0
75.582,0.000,-94.427,0
75.603,0.000,-94.427,0
75.614,0.000,-94.427,0
75.635,0.000,-94.949,0
75.646,0.000,-94.949,0
75.666,0.000,-94.949,0
75.688,0.000,-94.949,0
75.699,0.000,-94.949,0
75.720,0.000,-94.949,0
75.731,0.000,-95.729,0
75.752,0.000,-95.729,0
75.763,0.000,-95.729,0
75.784,0.000,-95.729,0
75.795,0.000,-95.729,0
75.817,0.000,-95.729,0
75.837,0.000,-95.729,0
75.848,0.000,-96.251,0
75.870,0.000,-96.251,0
75.880,0.000,-96.251,0
75.900,0.000,-96.251,0
75.921,0.000,-96.251,0
75.931,0.000,-96.998,0
75.952,0.000,-96.998,0
75.963,0.000,-96.998,0
75.984,0.000,-96.998,0
76.005,0.000,-96.998,0
76.016,0.000,-96.998,0
76.037,0.000,-96.998,8
76.048,0.000,-97.487,8
76.068,0.000,-97.487,8
76.079,0.000,-97.487,8
76.100,0.000,-97.487,8
76.121,0.000,-97.487,8
76.132,0.000,-97.487,8
76.153,0.000,-97.487,8
76.164,0.000,-98.201,8
76.185,0.000,-98.201,8
76.195,0.000,-98.201,8
76.216,0.000,-98.201,8
76.238,0.000,-98.201,8
76.249,0.000,-98.201,8
76.270,0.000,-98.646,8
76.280,0.000,-98.646,8
76.302,0.000,-98.646,8
76.313,0.000,-98.646,8
76.333,0.000,-98.646,8
76.354,0.000,-98.646,8
76.364,0.000,-99.327,8
76.385,0.000,-99.327,8
76.396,0.000,-99.327,8
76.417,0.000,-99.327,8
76.438,0.000,-99.327,8
76.449,0.000,-99.327,8
76.470,0.000,-99.327,8
76.480,0.000,-99.816,8
76.501,0.000,-99.816,8
76.522,0.000,-99.816,8
76.532,0.000,-99.816,8
76.554,0.000,-99.816,8
76.564,0.000,-100.442,8
76.586,0.000,-100.442,8
76.596,0.000,-100.442,8
76.616,0.000,-100.442,8
76.637,0.000,-100.442,8
76.648,0.000,-100.442,8
76.669,0.000,-100.442,8
76.681,0.000,-100.442,8
76.702,0.000,-100.717,8
76.714,0.000,-100.717,8
76.735,0.000,-100.717,8
76.746,0.000,-100.717,8
76.768,0.000,-100.717,8
76.778,0.000,-100.953,8
76.799,0.000,-100.953,8
76.821,0.000,-100.953,8
76.831,0.000,-100.953,8
76.851,0.000,-100.953,8
76.862,0.000,-100.953,8
76.884,0.000,-100.953,8
76.905,0.000,-101.024,8
76.915,0.000,-101.024,8
76.936,0.000,-101.024,8
76.947,0.000,-101.024,8
76.968,0.000,-101.024,8
76.979,0.000,-101.024,8
76.999,0.000,-100.986,8
77.020,0.000,-100.986,8
77.031,0.000,-100.986,8
77.052,0.000,-100.986,0
77.062,0.000,-100.986,0
77.084,0.000,-100.986,0
77.105,0.000,-100.986,0
77.116,0.000,-100.931,0
77.136,0.000,-100.931,0
77.147,0.000,-100.931,0
77.168,0.000,-100.931,0
77.179,0.000,-100.931,0
77.200,0.000,-100.931,0
77.221,0.000,-100.678,0
77.232,0.000,-100.678,0
77.253,0.000,-100.678,0
77.264,0.000,-100.678,0
77.285,0.000,-100.678,0
77.296,0.000,-100.678,0
77.317,0.000,-100.678,0
77.337,0.000,-100.327,0
77.348,0.000,-100.327,0
77.370,0.000,-100.327,0
77.381,0.000,-100.327,0
77.402,0.000,-100.327,0
77.413,0.000,-99.739,0
77.433,0.000,-99.739,0
77.454,0.000,-99.739,0
77.465,0.000,-99.739,0
77.486,0.000,-99.739,0
77.496,0.000,-99.739,0
77.518,0.000,-99.739,0
77.528,0.000,-99.448,0
77.550,0.000,-99.448,0
77.571,0.000,-99.448,0
77.581,0.000,-99.448,0
77.603,0.000,-99.448,0
77.613,0.000,-99.448,0
77.633,0.000,-99.080,0
77.654,0.000,-99.080,0
77.665,0.000,-99.080,0
77.685,0.000,-99.080,0
77.707,0.000,-99.080,0
77.718,0.000,-99.080,0
77.729,0.000,-99.080,0
77.750,0.000,-98.904,0
77.772,0.000,-98.904,0
77.792,0.000,-98.904,0
77.798,0.000,-98.904,0
77.814,0.000,-98.904,0
77.834,0.000,-98.904,0
77.855,0.000,-98.772,0
77.866,0.000,-98.772,0
77.886,0.000,-98.772,0
77.897,0.000,-98.772,0
77.917,0.000,-98.772,0
77.937,0.000,-98.772,0
77.947,0.000,-98.772,0
77.968,0.000,-98.783,0
77.979,0.000,-98.783,0
77.999,0.000,-98.783,0
78.020,0.000,-98.783,0
78.031,0.000,-98.783,0
78.051,0.000,-98.734,8
78.062,0.000,-98.734,8
78.082,0.000,-98.734,8
78.103,0.000,-98.734,8
78.113,0.000,-98.734,8
78.135,0.000,-98.734,8
78.145,0.000,-98.734,8
78.167,0.000,-98.464,8
78.189,0.000,-98.464,8
78.199,0.000,-98.464,8
78.220,0.000,-98.464,8
78.231,0.000,-98.464,8
78.251,0.000,-98.464,8
78.262,0.000,-97.827,8
78.283,0.000,-97.827,8
78.305,0.000,-97.827,8
78.315,0.000,-97.827,8
78.336,0.000,-97.827,8
78.346,0.000,-97.827,8
78.367,0.000,-97.827,8
78.378,0.000,-97.327,8
78.399,0.000,-97.327,8
78.419,0.000,-97.327,8
78.431,0.000,-97.327,8
78.452,0.000,-97.327,8
78.463,0.000,-97.327,8
78.484,0.000,-96.564,8
78.505,0.000,-96.564,8
78.515,0.000,-96.564,8
78.537,0.000,-96.564,8
78.547,0.000,-96.564,8
78.568,0.000,-96.564,8
78.579,0.000,-96.015,8
78.600,0.000,-96.015,8
78.621,0.000,-96.015,8
78.632,0.000,-96.015,8
78.652,0.000,-96.015,8
78.662,0.000,-96.015,8
78.683,0.000,-95.180,8
78.705,0.000,-95.180,8
78.715,0.000,-95.180,8
78.736,0.000,-95.180,8
78.747,0.000,-95.180,8
78.768,0.000,-95.180,8
78.779,0.000,-95.180,8
78.801,0.000,-95.180,8
78.812,0.000,-94.597,8
78.833,0.000,-94.597,8
78.855,0.000,-94.597,8
78.865,0.000,-94.597,8
78.886,0.000,-94.597,8
78.896,0.000,-93.707,8
78.918,0.000,-93.707,8
78.929,0.000,-93.707,8
78.950,0.000,-93.707,8
78.971,0.000,-93.707,8
78.981,0.000,-93.707,8
79.002,0.000,-93.707,8
79.014,0.000,-93.504,8
79.034,0.000,-93.504,8
79.054,0.000,-93.504,0
79.064,0.000,-93.504,0
79.085,0.000,-93.504,0
79.095,0.000,-93.482,0
79.116,0.000,-93.482,0
79.138,0.000,-93.482,0
79.148,0.000,-93.482,0
79.168,0.000,-93.482,0
79.179,0.000,-93.482,0
79.201,0.000,-93.482,0
79.222,0.000,-93.405,0
79.232,0.000,-93.405,0
79.253,0.000,-93.405,0
79.264,0.000,-93.405,0
79.286,0.000,-93.405,0
79.307,0.000,-93.405,0
79.319,0.000,-93.477,0
79.330,0.000,-93.477,0
79.351,0.000,-93.477,0
79.362,0.000,-93.477,0
79.383,0.000,-93.477,0
79.404,0.000,-93.477,0
79.414,0.000,-93.477,0
79.435,0.000,-93.537,0
79.446,0.000,-93.537,0
79.468,0.000,-93.537,0
79.478,0.000,-93.537,0
79.500,0.000,-93.537,0
79.520,0.000,-93.537,0
79.530,0.000,-93.614,0
79.551,0.000,-93.614,0
79.562,0.000,-93.614,0
79.584,0.000,-93.614,0
79.595,0.000,-93.614,0
79.616,0.000,-93.614,0
79.637,0.000,-93.614,0
79.648,0.000,-93.674,0
79.670,0.000,-93.674,0
79.680,0.000,-93.674,0
79.702,0.000,-93.674,0
79.713,0.000,-93.674,0
79.733,0.000,-93.674,0
79.755,0.000,-93.795,0
79.765,0.000,-93.795,0
79.786,0.000,-93.795,0
79.797,0.000,-93.795,0
79.818,0.000,-93.795,0
79.829,0.000,-93.795,0
79.860,0.000,-93.795,0
79.875,0.000,-93.878,0
79.891,0.000,-93.878,0
79.902,0.000,-93.878,0
79.913,0.000,-93.878,0
79.934,0.000,-93.878,0
79.945,0.000,-93.702,0
79.966,0.000,-93.702,0
79.987,0.000,-93.702,0
79.998,0.000,-93.702,0
80.019,0.000,-93.702,0
80.029,0.000,-93.702,0
80.050,0.000,-93.702,8
80.070,0.000,-93.257,8
80.081,0.000,-93.257,8
80.103,0.000,-93.257,8
80.114,0.000,-93.257,8
80.134,0.000,-93.257,8
80.155,0.000,-93.257,8
80.166,0.000,-92.191,8
80.186,0.000,-92.191,8
80.198,0.000,-92.191,8
80.219,0.000,-92.191,8
80.231,0.000,-92.191,8
80.252,0.000,-92.191,8
80.262,0.000,-92.191,8
80.283,0.000,-91.658,8
80.304,0.000,-91.658,8
80.314,0.000,-91.658,8
80.335,0.000,-91.658,8
80.346,0.000,-91.658,8
80.367,0.000,-91.658,8
80.388,0.000,-91.455,8
80.399,0.000,-91.455,8
80.421,0.000,-91.455,8
80.432,0.000,-91.455,8
80.453,0.000,-91.455,8
80.464,0.000,-91.455,8
80.486,0.000,-91.455,8
80.496,0.000,-91.713,8
80.516,0.000,-91.713,8
80.537,0.000,-91.713,8
80.547,0.000,-91.713,8
80.568,0.000,-91.713,8
80.579,0.000,-92.609,8
80.601,0.000,-92.609,8
80.621,0.000,-92.609,8
80.631,0.000,-92.609,8
80.653,0.000,-92.609,8
80.663,0.000,-92.609,8
80.684,0.000,-92.609,8
80.705,0.000,-93.543,8
80.715,0.000,-93.543,8
80.736,0.000,-93.543,8
80.749,0.000,-93.543,8
80.769,0.000,-93.543,8
80.781,0.000,-93.543,8
80.802,0.000,-93.543,8
80.813,0.000,-95.037,8
80.834,0.000,-95.037,8
80.845,0.000,-95.037,8
80.866,0.000,-95.037,8
80.887,0.000,-95.037,8
80.898,0.000,-95.037,8
80.919,0.000,-95.037,8
80.931,0.000,-96.437,8
80.951,0.000,-96.437,8
80.962,0.000,-96.437,8
80.983,0.000,-96.437,8
81.003,0.000,-96.437,8
81.013,0.000,-96.437,8
81.035,0.000,-97.163,8
81.046,0.000,-97.163,0
81.067,0.000,-97.163,0
81.088,0.000,-97.163,0
81.099,0.000,-97.163,0
81.119,0.000,-97.163,0
81.131,0.000,-98.096,0
81.152,0.000,-98.096,0
81.163,0.000,-98.096,0
81.184,0.000,-98.096,0
81.205,0.000,-98.096,0
81.215,0.000,-98.096,0
81.236,0.000,-98.096,0
81.247,0.000,-98.657,0
81.267,0.000,-98.657,0
81.278,0.000,-98.657,0
81.299,0.000,-98.657,0
81.321,0.000,-98.657,0
81.331,0.000,-99.415,0
81.352,0.000,-99.415,0
81.363,0.000,-99.415,0
81.383,0.000,-99.415,0
81.405,0.000,-99.415,0
81.415,0.000,-99.415,0
81.436,0.000,-99.415,0
81.447,0.000,-99.893,0
81.468,0.000,-99.893,0
81.479,0.000,-99.893,0
81.501,0.000,-99.893,0
81.511,0.000,-99.893,0
81.533,0.000,-99.893,0
81.555,0.000,-100.618,0
81.565,0.000,-100.618,0
81.587,0.000,-100.618,0
81.598,0.000,-100.618,0
81.619,0.000,-100.618,0
81.631,0.000,-100.618,0
81.652,0.000,-100.618,0
81.664,0.000,-101.107,0
81.684,0.000,-101.107,0
81.706,0.000,-101.107,0
81.717,0.000,-101.107,0
81.737,0.000,-101.107,0
81.748,0.000,-101.107,0
81.770,0.000,-101.848,0
81.781,0.000,-101.848,0
81.802,0.000,-101.848,0
81.812,0.000,-101.848,0
81.834,0.000,-101.848,0
81.845,0.000,-101.848,0
81.878,0.000,-101.848,0
81.886,0.000,-102.348,0
81.900,0.000,-102.348,0
81.920,0.000,-102.348,0
81.931,0.000,-102.348,0
81.952,0.000,-102.348,0
81.964,0.000,-102.348,0
81.985,0.000,-103.139,0
81.996,0.000,-103.139,0
82.017,0.000,-103.139,0
82.028,0.000,-103.139,0
82.049,0.000,-103.139,8
82.070,0.000,-103.139,8
82.082,0.000,-103.139,8
82.103,0.000,-103.666,8
82.114,0.000,-103.666,8
82.136,0.000,-103.666,8
82.147,0.000,-103.666,8
82.167,0.000,-103.666,8
82.187,0.000,-103.666,8
82.198,0.000,-104.441,8
82.218,0.000,-104.441,8
82.229,0.000,-104.441,8
82.250,0.000,-104.441,8
82.272,0.000,-104.441,8
82.283,0.000,-104.441,8
82.304,0.000,-104.441,8
82.315,0.000,-104.913,8
82.335,0.000,-104.913,8
82.345,0.000,-104.913,8
82.367,0.000,-104.913,8
82.388,0.000,-104.913,8
82.398,0.000,-104.913,8
82.419,0.000,-105.754,8
82.431,0.000,-105.754,8
82.451,0.000,-105.754,8
82.462,0.000,-105.754,8
82.483,0.000,-105.754,8
82.505,0.000,-105.754,8
82.515,0.000,-106.193,8
82.537,0.000,-106.193,8
82.548,0.000,-106.193,8
82.569,0.000,-106.193,8
82.579,0.000,-106.193,8
82.599,0.000,-106.193,8
82.619,0.000,-106.193,8
82.629,0.000,-106.951,8
82.651,0.000,-106.951,8
82.672,0.000,-106.951,8
82.682,0.000,-106.951,8
82.703,0.000,-106.951,8
82.714,0.000,-106.951,8
82.734,0.000,-107.193,8
82.755,0.000,-107.193,8
82.766,0.000,-107.193,8
82.787,0.000,-107.193,8
82.798,0.000,-107.193,8
82.818,0.000,-107.193,8
82.829,0.000,-107.792,8
82.850,0.000,-107.792,8
82.872,0.000,-107.792,8
82.883,0.000,-107.792,8
82.904,0.000,-107.792,8
82.914,0.000,-107.792,8
82.936,0.000,-107.792,8
82.947,0.000,-107.759,8
82.969,0.000,-107.759,8
82.980,0.000,-107.759,8
83.001,0.000,-107.759,8
83.012,0.000,-107.759,8
83.033,0.000,-107.759,8
83.054,0.000,-108.110,0
83.064,0.000,-108.110,0
83.085,0.000,-108.110,0
83.096,0.000,-108.110,0
83.117,0.000,-108.110,0
83.128,0.000,-108.110,0
83.149,0.000,-108.110,0
83.170,0.000,-108.127,0
83.180,0.000,-108.127,0
83.202,0.000,-108.127,0
83.212,0.000,-108.127,0
83.233,0.000,-108.127,0
83.254,0.000,-108.127,0
83.265,0.000,-109.467,0
83.287,0.000,-109.467,0
83.297,0.000,-109.467,0
83.318,0.000,-109.467,0
83.328,0.000,-109.467,0
83.349,0.000,-109.467,0
83.370,0.000,-110.522,0
83.381,0.000,-110.522,0
83.403,0.000,-110.522,0
83.413,0.000,-110.522,0
83.434,0.000,-110.522,0
83.445,0.000,-110.522,0
83.466,0.000,-112.236,0
83.487,0.000,-112.236,0
83.498,0.000,-112.236,0
83.519,0.000,-112.236,0
83.531,0.000,-112.236,0
83.552,0.000,-112.236,0
83.562,0.000,-112.236,0
83.583,0.000,-113.494,0
83.605,0.000,-113.494,0
83.615,0.000,-113.494,0
83.636,0.000,-113.494,0
83.647,0.000,-113.494,0
83.668,0.000,-113.494,0
83.679,0.000,-115.559,0
83.700,0.000,-115.559,0
83.733,0.000,-115.559,0
83.738,0.000,-115.559,0
83.753,0.000,-115.559,0
83.764,0.000,-115.559,0
83.785,0.000,-115.559,0
83.796,0.000,-117.086,0
83.818,0.000,-117.086,0
83.829,0.000,-117.086,0
83.851,0.000,-117.086,0
83.861,0.000,-117.086,0
83.882,0.000,-117.086,0
83.904,0.000,-119.613,0
83.914,0.000,-119.613,0
83.936,0.000,-119.613,0
83.947,0.000,-119.613,0
83.969,0.000,-119.613,0
83.980,0.000,-119.613,0
84.001,0.000,-119.613,0
84.011,0.000,-121.437,0
84.033,0.000,-121.437,0
84.054,0.000,-121.437,0
84.064,0.000,-121.437,8
84.086,0.000,-121.437,8
84.096,0.000,-124.398,8
84.118,0.000,-124.398,8
84.130,0.000,-124.398,8
84.151,0.000,-124.398,8
84.162,0.000,-124.398,8
84.184,0.000,-124.398,8
84.204,0.000,-124.398,8
84.215,0.000,-124.398,8
84.237,0.000,-125.469,8
84.248,0.000,-125.469,8
84.269,0.000,-125.469,8
84.279,0.000,-125.469,8
84.301,0.000,-125.469,8
84.311,0.000,-126.622,8
84.332,0.000,-126.622,8
84.354,0.000,-126.622,8
84.365,0.000,-126.622,8
84.386,0.000,-126.622,8
84.396,0.000,-126.622,8
84.417,0.000,-126.622,8
84.439,0.000,-124.508,8
84.449,0.000,-124.508,8
84.470,0.000,-124.508,8
84.480,0.000,-124.508,8
84.500,0.000,-124.508,8
84.521,0.000,-124.508,8
84.532,0.000,-123.107,8
84.553,0.000,-123.107,8
84.563,0.000,-123.107,8
84.585,0.000,-123.107,8
84.606,0.000,-123.107,8
84.617,0.000,-123.107,8
84.638,0.000,-123.107,8
84.649,0.000,-117.465,8
84.671,0.000,-117.465,8
84.686,0.000,-117.465,8
84.703,0.000,-117.465,8
84.714,0.000,-117.465,8
84.735,0.000,-117.465,8
84.746,0.000,-114.878,8
84.768,0.000,-114.878,8
84.779,0.000,-114.878,8
84.799,0.000,-114.878,8
84.820,0.000,-114.878,8
84.831,0.000,-114.878,8
84.852,0.000,-114.878,8
84.863,0.000,-105.249,8
84.885,0.000,-105.249,8
84.895,0.000,-105.249,8
84.916,0.000,-105.249,8
84.937,0.000,-105.249,8
84.948,0.000,-100.447,8
84.969,0.000,-100.447,8
84.980,0.000,-100.447,8
85.002,0.000,-100.447,8
85.012,0.000,-100.447,8
85.034,0.000,-100.447,8
85.055,0.000,-100.447,8
85.065,0.000,-100.447,0
85.087,0.000,-92.362,0
85.097,0.000,-92.362,0
85.119,0.000,-92.362,0
85.129,0.000,-92.362,0
85.151,0.000,-92.362,0
85.161,0.000,-91.054,0
85.182,0.000,-91.054,0
85.204,0.000,-91.054,0
85.215,0.000,-91.054,0
85.237,0.000,-91.054,0
85.247,0.000,-91.054,0
85.269,0.000,-91.054,0
85.280,0.000,-91.851,0
85.301,0.000,-91.851,0
85.312,0.000,-91.851,0
85.332,0.000,-91.851,0
85.354,0.000,-91.851,0
85.365,0.000,-91.851,0
85.385,0.000,-98.640,0
85.397,0.000,-98.640,0
85.417,0.000,-98.640,0
85.438,0.000,-98.640,0
85.448,0.000,-98.640,0
85.469,0.000,-98.640,0
85.479,0.000,-98.640,0
85.500,0.000,-98.640,0
85.521,0.000,-100.541,0
85.542,0.000,-100.541,0
85.552,0.000,-100.541,0
85.562,0.000,-100.541,0
85.583,0.000,-100.541,0
85.605,0.000,-101.370,0
85.615,0.000,-101.370,0
85.636,0.000,-101.370,0
85.647,0.000,-101.370,0
85.669,0.000,-101.370,0
85.680,0.000,-101.370,0
85.701,0.000,-101.370,0
85.713,0.000,-101.524,0
85.734,0.000,-101.524,0
85.755,0.000,-101.524,0
85.765,0.000,-101.524,0
85.786,0.000,-101.524,0
85.796,0.000,-101.716,0
85.818,0.000,-101.716,0
85.829,0.000,-101.716,0
85.850,0.000,-101.716,0
85.871,0.000,-101.716,0
85.882,0.000,-101.716,0
85.904,0.000,-101.716,0
85.914,0.000,-101.826,0
85.935,0.000,-101.826,0
85.946,0.000,-101.826,0
85.967,0.000,-101.826,0
85.988,0.000,-101.826,0
85.999,0.000,-101.826,0
86.019,0.000,-101.826,0
86.030,0.000,-101.975,0
86.050,0.000,-101.975,0
86.071,0.000,-101.975,8
86.081,0.000,-101.975,8
86.102,0.000,-101.975,8
86.113,0.000,-101.975,8
86.135,0.000,-101.975,8
86.146,0.000,-103.414,8
86.168,0.000,-103.414,8
86.178,0.000,-103.414,8
86.200,0.000,-103.414,8
86.222,0.000,-103.414,8
86.232,0.000,-107.479,8
86.253,0.000,-107.479,8
86.263,0.000,-107.479,8
86.284,0.000,-107.479,8
86.305,0.000,-107.479,8
86.316,0.000,-107.479,8
86.337,0.000,-107.479,8
86.347,0.000,-110.346,8
86.369,0.000,-110.346,8
86.379,0.000,-110.346,8
86.400,0.000,-110.346,8
86.421,0.000,-110.346,8
86.431,0.000,-110.346,8
86.453,0.000,-114.521,8
86.473,0.000,-114.521,8
86.484,0.000,-114.521,8
86.504,0.000,-114.521,8
86.515,0.000,-114.521,8
86.536,0.000,-114.521,8
86.546,0.000,-114.521,8
86.567,0.000,-113.494,8
93.814,0.000,-113.494,0
93.835,0.000,-90.000,0
93.846,0.000,-90.000,0
93.868,0.000,-90.000,0
93.878,0.000,-90.000,0
93.899,0.000,-90.000,0
93.921,-0.098,-71.570,0
93.931,-0.098,-71.570,0
93.951,-0.098,-71.570,0
93.962,-0.098,-71.570,0
93.984,-0.098,-71.570,0
94.005,0.000,-71.570,0
94.015,0.000,-71.570,0
94.036,0.000,-71.570,0
94.047,0.000,-71.570,0
94.069,0.000,-71.570,0
94.080,0.000,-71.570,0
94.101,0.000,-71.570,8
94.112,0.000,-71.570,8
94.133,0.000,-71.570,8
94.155,0.000,-71.570,8
94.166,0.000,-71.570,8
94.187,0.000,-71.570,8
94.198,0.000,-71.570,8
94.220,0.000,-71.570,8
94.230,0.000,-71.570,8
94.251,0.000,-71.570,8
94.262,0.000,-71.570,8
94.283,0.000,-71.570,8
94.304,0.000,-71.570,8
94.315,0.000,-71.570,8
94.336,0.000,-71.564,8
94.346,0.000,-71.564,8
94.367,0.000,-71.564,8
94.378,0.000,-71.564,8
94.398,0.000,-71.564,8
94.420,0.000,-71.564,8
94.431,0.000,-71.564,8
94.452,0.000,-71.564,8
94.463,0.000,-71.564,8
94.483,0.000,-71.564,8
94.504,0.000,-71.564,8
94.515,0.000,-71.564,8
94.536,0.000,-71.564,8
94.547,0.000,-71.564,8
94.569,0.000,-71.564,8
94.579,0.000,-71.564,8
94.599,0.000,-71.564,8
94.620,0.000,-71.564,8
94.631,0.000,-71.564,8
94.652,0.000,-71.564,8
94.662,0.000,-71.564,8
94.683,0.000,-71.564,8
94.704,0.000,-71.564,8
94.715,0.000,-71.564,8
94.736,0.000,-71.564,8
94.747,0.000,-71.581,8
94.769,0.000,-71.581,8
94.780,0.000,-71.581,8
94.802,0.000,-71.581,8
94.813,0.000,-71.581,8
94.834,0.000,-71.581,8
94.845,0.000,-71.965,8
94.866,0.000,-71.965,8
94.888,0.000,-71.965,8
94.898,0.000,-71.965,8
94.919,0.000,-71.965,8
94.930,0.000,-71.965,8
94.951,0.000,-71.965,8
94.961,0.000,-71.965,8
94.982,0.000,-72.279,8
95.004,0.000,-72.279,8
95.014,0.000,-72.279,8
95.035,0.000,-72.279,8
95.046,0.000,-72.279,8
95.067,0.000,-72.279,8
95.078,0.000,-72.465,8
95.099,0.000,-72.465,0
95.121,0.000,-72.465,0
95.131,0.000,-72.465,0
95.153,0.000,-72.465,0
95.163,0.000,-72.465,0
95.184,0.000,-72.603,0
95.195,0.000,-72.603,0
95.217,0.000,-72.603,0
95.238,0.000,-72.603,0
95.249,0.000,-72.603,0
95.271,0.000,-72.603,0
95.282,0.000,-72.685,0
95.303,0.000,-72.685,0
95.314,0.000,-72.685,0
95.335,0.000,-72.685,0
95.346,0.000,-72.685,0
95.367,0.000,-72.685,0
95.378,0.000,-72.685,0
95.400,0.000,-72.745,0
95.421,0.000,-72.745,0
95.432,0.000,-72.745,0
95.454,0.000,-72.745,0
95.465,0.000,-72.745,0
95.485,0.000,-72.745,0
95.495,0.000,-72.778,0
95.516,0.000,-72.778,0
95.537,0.000,-72.778,0
95.547,0.000,-72.778,0
95.569,0.000,-72.778,0
95.579,0.000,-72.778,0
95.600,0.000,-72.778,0
95.611,0.000,-72.795,0
95.633,0.000,-72.795,0
95.653,0.000,-72.795,0
95.664,0.000,-72.795,0
95.684,0.000,-72.795,0
95.695,0.000,-72.795,0
95.716,0.000,-72.795,0
95.737,0.000,-72.795,0
95.748,0.000,-72.795,0
95.769,0.000,-72.795,0
95.780,0.000,-72.795,0
95.802,0.000,-72.795,0
95.813,0.000,-72.795,0
95.834,0.000,-72.795,0
95.845,0.000,-72.795,0
95.867,0.000,-72.795,0
95.878,0.000,-72.795,0
95.899,0.000,-72.795,0
95.920,0.000,-72.795,0
95.931,0.000,-72.795,0
95.952,0.000,-72.795,0
95.963,0.000,-72.795,0
95.984,0.000,-72.795,0
95.995,0.000,-72.795,0
96.017,0.000,-72.795,0
96.028,0.000,-72.795,0
96.050,0.000,-72.795,0
96.070,0.000,-72.795,0
96.081,0.000,-72.795,0
96.102,0.000,-72.795,8
96.112,0.000,-72.795,8
96.133,0.000,-72.795,8
96.154,0.000,-72.795,8
96.164,0.000,-72.795,8
96.186,0.000,-72.795,8
96.197,0.000,-72.795,8
96.219,0.000,-72.795,8
96.229,0.000,-72.795,8
96.250,0.000,-72.795,8
96.271,0.000,-72.795,8
96.281,0.000,-72.795,8
96.303,0.000,-72.795,8
96.313,0.000,-72.795,8
96.334,0.000,-72.795,8
96.345,0.000,-72.795,8
96.365,0.000,-72.795,8
96.385,0.000,-72.795,8
96.398,0.000,-72.795,8
96.419,0.000,-72.795,8
96.431,0.000,-72.795,8
96.453,0.000,-72.795,8
96.464,0.000,-72.905,8
96.486,0.000,-72.905,8
96.498,0.000,-72.905,8
96.518,0.000,-72.905,8
96.531,0.000,-72.905,8
96.552,0.000,-72.905,8
96.562,0.000,-72.905,8
96.583,0.000,-73.322,8
96.605,0.000,-73.322,8
96.615,0.000,-73.322,8
96.636,0.000,-73.322,8
96.647,0.000,-73.322,8
96.668,0.000,-73.322,8
96.679,0.000,-67.049,8
96.701,0.000,-67.049,8
96.721,0.000,-67.049,8
96.732,0.000,-67.049,8
96.753,0.000,-67.049,8
96.764,0.000,-67.049,8
96.785,0.000,-67.697,8
96.796,0.000,-67.697,8
96.817,0.000,-67.697,8
96.828,0.000,-67.697,8
96.850,0.000,-67.697,8
96.870,0.000,-67.697,8
96.880,0.000,-67.697,8
96.901,0.000,-68.269,8
96.912,0.000,-68.269,8
96.932,0.000,-68.269,8
96.952,0.000,-68.269,8
96.963,0.000,-68.269,8
96.984,0.000,-68.269,8
96.995,0.000,-69.334,8
97.015,0.000,-69.334,8
97.036,0.000,-69.334,8
97.047,0.000,-69.334,8
97.069,0.000,-69.334,8
97.081,0.000,-69.334,8
97.102,0.000,-69.334,8
97.113,0.000,-70.120,0
97.133,0.000,-70.120,0
97.154,0.000,-70.120,0
97.164,0.000,-70.120,0
97.185,0.000,-70.120,0
97.197,0.000,-71.317,0
97.218,0.000,-71.317,0
97.229,0.000,-71.317,0
97.250,0.000,-71.317,0
97.261,0.000,-71.317,0
97.282,0.000,-71.317,0
97.303,0.000,-71.317,0
97.314,0.000,-72.152,0
97.335,0.000,-72.152,0
97.345,0.000,-72.152,0
97.365,0.000,-72.152,0
97.386,0.000,-72.152,0
97.396,0.000,-72.152,0
97.417,0.000,-72.152,0
97.428,0.000,-73.366,0
97.449,0.000,-73.366,0
97.470,0.000,-73.366,0
97.480,0.000,-73.366,0
97.501,0.000,-73.366,0
97.512,0.000,-73.366,0
97.533,0.000,-74.212,0
97.554,0.000,-74.212,0
97.565,0.000,-74.212,0
97.586,0.000,-74.212,0
97.596,0.000,-74.212,0
97.617,0.000,-74.212,0
97.638,0.000,-85.808,0
97.648,0.000,-85.808,0
97.670,0.000,-85.808,0
97.680,0.000,-85.808,0
97.702,0.000,-85.808,0
97.712,0.000,-85.808,0
97.733,0.000,-85.808,0
97.754,0.000,-87.127,0
97.764,0.000,-87.127,0
97.786,0.000,-87.127,0
97.797,0.000,-87.127,0
97.818,0.000,-87.127,0
97.829,0.000,-89.104,0
97.850,0.000,-89.104,0
97.871,0.000,-89.104,0
97.881,0.000,-89.104,0
97.901,0.000,-89.104,0
97.912,0.000,-89.104,0
97.933,0.000,-89.104,0
97.953,0.000,-89.104,0
97.963,0.000,-90.477,0
97.984,0.000,-90.477,0
97.996,0.000,-90.477,0
98.017,0.000,-90.477,0
98.038,0.000,-90.477,0
98.049,0.000,-92.471,0
98.071,0.000,-92.471,0
98.081,0.000,-92.471,0
98.102,0.000,-92.471,0
98.113,0.000,-92.471,8
98.135,0.000,-92.471,8
98.146,0.000,-92.471,8
98.167,0.000,-93.823,8
98.177,0.000,-93.823,8
98.198,0.000,-93.823,8
98.219,0.000,-93.823,8
98.230,0.000,-93.823,8
98.252,0.000,-93.823,8
98.262,0.000,-95.905,8
98.284,0.000,-95.905,8
98.295,0.000,-95.905,8
98.315,0.000,-95.905,8
98.336,0.000,-95.905,8
98.347,0.000,-95.905,8
98.368,0.000,-95.905,8
98.379,0.000,-97.382,8
98.400,0.000,-97.382,8
98.420,0.000,-97.382,8
98.431,0.000,-97.382,8
98.453,0.000,-97.382,8
98.464,0.000,-98.959,8
98.485,0.000,-98.959,8
98.495,0.000,-98.959,8
98.516,0.000,-98.959,8
98.527,0.000,-98.959,8
98.547,0.000,-98.959,8
98.569,0.000,-98.959,8
98.579,0.000,-99.717,8
98.600,0.000,-99.717,8
98.620,0.000,-99.717,8
98.631,0.000,-99.717,8
98.652,0.000,-99.717,8
98.662,0.000,-99.717,8
98.682,0.000,-99.717,8
98.703,0.000,-100.426,8
98.713,0.000,-100.426,8
98.735,0.000,-100.426,8
98.745,0.000,-100.426,8
98.766,0.000,-100.426,8
98.788,0.000,-100.426,8
98.798,0.000,-100.739,8
98.820,0.000,-100.739,8
98.830,0.000,-100.739,8
98.851,0.000,-100.739,8
98.862,0.000,-100.739,8
98.882,0.000,-100.739,8
98.904,0.000,-100.859,8
98.914,0.000,-100.859,8
98.935,0.000,-100.859,8
98.945,0.000,-100.859,8
98.966,0.000,-100.859,8
98.988,0.000,-100.859,8
98.998,0.000,-100.859,8
99.019,0.000,-100.898,8
99.030,0.000,-100.898,8
99.052,0.000,-100.898,8
99.063,0.000,-100.898,8
99.083,0.000,-100.898,8
99.094,0.000,-86.643,8
99.116,0.000,-86.643,0
99.138,0.000,-86.643,0
99.148,0.000,-86.643,0
99.170,0.000,-86.643,0
99.181,0.000,-86.643,0
99.203,0.000,-86.643,0
99.213,0.000,-87.066,0
99.234,0.000,-87.066,0
99.245,0.000,-87.066,0
99.267,0.000,-87.066,0
99.277,0.000,-87.066,0
99.298,0.000,-87.066,0
99.318,0.000,-87.066,0
99.329,-88.994,-87.709,0
99.349,-88.994,-87.709,0
99.370,-88.994,-87.709,0
99.380,-88.994,-87.709,0
99.401,-88.994,-87.709,0
99.412,-88.994,-87.709,0
99.433,-88.994,-87.709,0
99.453,-88.994,-87.857,0
99.464,-88.994,-87.857,0
99.485,-88.994,-87.857,0
99.496,-88.994,-87.857,0
99.517,-88.994,-87.857,0
99.528,-88.994,-87.918,0
99.549,-88.994,-87.918,0
99.570,-88.994,-87.918,0
99.580,-88.994,-87.918,0
99.601,-88.994,-87.918,0
99.612,-88.994,-87.918,0
99.632,-88.994,-87.918,0
99.653,-88.994,-87.868,0
99.664,-88.994,-87.868,0
99.684,-88.994,-87.868,0
99.695,-88.994,-87.868,0
99.717,-88.994,-87.868,0
99.729,-88.994,-87.868,0
99.750,-88.994,-87.868,0
99.771,-88.994,-87.868,0
99.782,-88.994,-87.868,0
99.803,-88.994,-87.868,0
99.814,-88.994,-87.868,0
99.835,-88.994,-87.868,0
99.846,-88.994,-87.868,0
99.867,-88.994,-87.868,0
99.888,-88.994,-87.868,0
99.898,-88.994,-87.868,0
99.919,-88.994,-87.868,0
99.929,-88.994,-87.868,0
99.950,-88.994,-87.868,0
99.962,-88.994,-87.868,0
99.982,-88.994,-87.868,0
100.003,-88.994,-87.868,0
100.014,-88.994,-87.868,0
100.035,-88.994,-87.868,0
100.046,-88.994,-87.868,0
100.067,-88.994,-87.868,0
100.078,-88.994,-87.868,0
100.098,-88.994,-87.868,0
100.119,-88.994,-87.868,8
100.129,-88.994,-87.868,8
100.151,-88.994,-87.868,8
100.162,-88.994,-87.868,8
100.182,-88.994,-87.868,8
100.204,-88.994,-87.868,8
100.214,-88.994,-87.868,8
100.236,-88.994,-87.868,8
100.246,-88.994,-87.868,8
100.267,-88.994,-87.868,8
100.278,-88.994,-87.868,8
100.300,-88.994,-87.868,8
100.311,-88.994,-87.868,8
100.332,-88.994,-87.868,8
100.352,-88.994,-87.868,8
100.364,-88.994,-87.868,8
100.385,-88.994,-87.868,8
100.395,-88.994,-87.868,8
100.417,-88.994,-87.868,8
100.438,-88.994,-87.868,8
100.449,-88.994,-87.868,8
100.470,-88.994,-87.868,8
100.481,-88.994,-87.868,8
100.503,-88.994,-87.868,8
100.513,-88.994,-87.868,8
100.534,-88.994,-87.868,8
100.545,-88.994,-87.868,8
100.565,-88.994,-87.868,8
100.587,-88.994,-87.868,8
100.598,-88.994,-87.868,8
100.618,-88.994,-87.868,8
100.629,-88.994,-87.868,8
100.649,-88.994,-87.868,8
100.671,-88.994,-87.868,8
100.681,-88.994,-87.868,8
100.702,-88.994,-87.868,8
100.713,-88.994,-87.868,8
100.734,-88.994,-87.868,8
100.744,-88.994,-87.868,8
100.765,-88.994,-87.868,8
100.785,-88.994,-87.868,8
100.796,-88.994,-87.868,8
100.817,-88.994,-87.868,8
100.827,-88.994,-87.868,8
100.849,-88.994,-87.868,8
100.871,-88.994,-87.868,8
100.882,-88.994,-87.868,8
100.902,-88.994,-87.868,8
100.912,-88.994,-87.868,8
100.933,-88.994,-87.868,8
100.944,-88.994,-87.868,8
100.965,-88.994,-87.868,8
100.987,-88.994,-87.868,8
100.997,-88.994,-87.868,8
101.019,-88.994,-87.868,8
101.029,-88.994,-87.868,8
101.050,-88.994,-87.868,8
101.061,-88.994,-87.868,8
101.083,-88.994,-87.868,8
101.105,-88.994,-87.868,8
101.115,-88.994,-87.868,0
101.136,-88.994,-87.868,0
101.147,-88.994,-87.868,0
101.169,-88.994,-87.868,0
101.179,-88.994,-87.868,0
101.200,-88.994,-87.868,0
101.211,-88.994,-87.868,0
101.232,-88.994,-87.868,0
101.254,-88.994,-87.868,0
101.264,-88.994,-87.868,0
101.285,-88.994,-87.868,0
101.295,-88.994,-87.868,0
101.316,-88.994,-87.868,0
101.337,-88.994,-87.868,0
101.347,-88.994,-87.868,0
101.369,-88.994,-87.868,0
101.379,-88.994,-87.868,0
101.399,-88.994,-87.868,0
101.421,-88.994,-87.868,0
101.432,-88.994,-87.868,0
101.452,-88.994,-87.868,0
101.463,-88.994,-87.868,0
101.484,-88.994,-87.868,0
101.495,-88.994,-87.868,0
101.516,-88.994,-87.868,0
101.537,-88.994,-87.868,0
101.547,-88.994,-87.868,0
